{"stats":{"minecraft:custom":{"minecraft:time_since_rest":5049,"minecraft:crouch_one_cm":307,"minecraft:play_time":5049,"minecraft:sprint_one_cm":7705,"minecraft:damage_taken":70,"minecraft:walk_one_cm":22489,"minecraft:sneak_time":67,"minecraft:drop":6,"minecraft:jump":66,"minecraft:time_since_death":5049,"minecraft:walk_on_water_one_cm":540,"minecraft:total_world_time":5049,"minecraft:fall_one_cm":822,"minecraft:fly_one_cm":11341},"minecraft:used":{"bosses_of_mass_destruction:monolith_block":6,"bosses_of_mass_destruction:levitation_block":2,"bosses_of_mass_destruction:mob_ward":7,"bosses_of_mass_destruction:soul_star":39},"minecraft:picked_up":{"minecraft:wheat_seeds":5,"bosses_of_mass_destruction:void_lily":2,"epicpaladins:angel_sword":2,"minecraft:mutton":1},"minecraft:dropped":{"minecraft:wheat_seeds":2,"bosses_of_mass_destruction:void_lily":2,"epicpaladins:angel_sword":2}},"DataVersion":3465}