{"stats":{"minecraft:killed":{"minecraft:skeleton":1,"mca:female_zombie_villager":4,"minecraft:zombie":1,"mca:female_villager":3},"minecraft:custom":{"minecraft:time_since_rest":40081,"minecraft:sprint_one_cm":50444,"minecraft:walk_one_cm":123210,"minecraft:damage_taken":95,"minecraft:mob_kills":9,"minecraft:drop":15,"minecraft:damage_dealt":1502,"minecraft:fly_one_cm":168979,"minecraft:crouch_one_cm":6347,"minecraft:play_time":40081,"minecraft:sneak_time":1458,"minecraft:walk_under_water_one_cm":5572,"minecraft:jump":235,"minecraft:leave_game":1,"minecraft:walk_on_water_one_cm":1342,"minecraft:time_since_death":40081,"minecraft:total_world_time":40081,"minecraft:fall_one_cm":822},"minecraft:used":{"ironchests:lock":2,"ironchests:gold_chest":66,"ironchests:key":6,"bosses_of_mass_destruction:void_lily":3,"mca:female_zombie_villager_spawn_egg":4,"bosses_of_mass_destruction:monolith_block":6,"mca:cross_headstone":4,"mca:female_villager_spawn_egg":92,"bosses_of_mass_destruction:levitation_block":2,"bosses_of_mass_destruction:mob_ward":8,"epicpaladins:angel_sword":22,"bosses_of_mass_destruction:soul_star":46},"minecraft:picked_up":{"minecraft:porkchop":2,"minecraft:rotten_flesh":10,"minecraft:wheat_seeds":7,"bosses_of_mass_destruction:soul_star":13,"bosses_of_mass_destruction:void_lily":2,"epicpaladins:angel_sword":2,"minecraft:mutton":1,"mca:scythe":1},"minecraft:dropped":{"minecraft:wheat_seeds":2,"simplybackpacks:ultimatebackpack":1,"epicpaladins:moonlight_helmet":1,"bosses_of_mass_destruction:void_lily":2,"epicpaladins:angel_sword":3,"epicpaladins:moonlight_boots":1,"mca:female_villager_spawn_egg":1,"epicpaladins:moonlight_chestplate":1,"mca:scythe":2,"epicpaladins:moonlight_leggings":1}},"DataVersion":3465}