{"stats":{"minecraft:killed":{"minecraft:skeleton":1,"mca:female_zombie_villager":4,"mca:female_villager":2},"minecraft:custom":{"minecraft:time_since_rest":17049,"minecraft:walk_one_cm":81075,"minecraft:sprint_one_cm":19886,"minecraft:damage_taken":95,"minecraft:mob_kills":7,"minecraft:drop":15,"minecraft:damage_dealt":1122,"minecraft:fly_one_cm":119795,"minecraft:crouch_one_cm":805,"minecraft:play_time":17049,"minecraft:sneak_time":303,"minecraft:walk_under_water_one_cm":1492,"minecraft:jump":111,"minecraft:walk_on_water_one_cm":1140,"minecraft:time_since_death":17049,"minecraft:total_world_time":17049,"minecraft:fall_one_cm":822},"minecraft:used":{"ironchests:lock":1,"ironchests:gold_chest":1,"ironchests:key":6,"mca:female_zombie_villager_spawn_egg":4,"bosses_of_mass_destruction:monolith_block":6,"mca:cross_headstone":4,"mca:female_villager_spawn_egg":92,"bosses_of_mass_destruction:levitation_block":2,"bosses_of_mass_destruction:mob_ward":8,"epicpaladins:angel_sword":17,"bosses_of_mass_destruction:soul_star":39},"minecraft:picked_up":{"minecraft:porkchop":2,"minecraft:rotten_flesh":8,"minecraft:wheat_seeds":5,"bosses_of_mass_destruction:soul_star":9,"bosses_of_mass_destruction:void_lily":2,"epicpaladins:angel_sword":2,"minecraft:mutton":1,"mca:scythe":1},"minecraft:dropped":{"minecraft:wheat_seeds":2,"simplybackpacks:ultimatebackpack":1,"epicpaladins:moonlight_helmet":1,"bosses_of_mass_destruction:void_lily":2,"epicpaladins:angel_sword":3,"epicpaladins:moonlight_boots":1,"mca:female_villager_spawn_egg":1,"epicpaladins:moonlight_chestplate":1,"mca:scythe":2,"epicpaladins:moonlight_leggings":1}},"DataVersion":3465}