{"stats":{"minecraft:used":{"epicpaladins:jade_chestplate":1,"epicpaladins:jade_helmet":1,"minecraft:dirt":1,"spelunkers_charm:candle_helmet":1,"minecraft:acacia_log":1,"epicpaladins:jade_leggings":1,"spelunkers_charm:mining_helmet":1,"epicpaladins:jade_boots":1},"minecraft:mined":{"minecraft:grass":9,"minecraft:acacia_log":2,"minecraft:grass_block":6},"minecraft:picked_up":{"minecraft:wheat_seeds":1,"minecraft:acacia_log":2,"spelunkers_charm:candle_helmet":1,"epicpaladins:jade_leggings":1,"spelunkers_charm:mining_helmet":1,"epicpaladins:moonlight_glaive":1,"epicpaladins:cryorium_battle_axe":2,"epicpaladins:jade_chestplate":1,"epicpaladins:angel_sword":1,"minecraft:dirt":5},"minecraft:dropped":{"minecraft:dirt":4,"epicpaladins:cryorium_battle_axe":2,"epicpaladins:jade_leggings":2,"minecraft:wheat_seeds":1,"epicpaladins:jade_chestplate":2,"epicpaladins:jade_boots":1,"minecraft:acacia_log":1,"spelunkers_charm:candle_helmet":1,"epicpaladins:jade_helmet":2,"epicpaladins:moonlight_glaive":1,"epicpaladins:angel_sword":1},"minecraft:custom":{"minecraft:time_since_rest":16231,"minecraft:play_time":16231,"minecraft:crouch_one_cm":26,"minecraft:sprint_one_cm":16310,"minecraft:damage_taken":20,"minecraft:walk_one_cm":21581,"minecraft:sneak_time":269,"minecraft:walk_under_water_one_cm":64,"minecraft:drop":18,"minecraft:jump":174,"minecraft:leave_game":1,"minecraft:walk_on_water_one_cm":432,"minecraft:time_since_death":16231,"minecraft:total_world_time":16231,"minecraft:fall_one_cm":613,"minecraft:fly_one_cm":127725}},"DataVersion":3465}