{"stats":{"minecraft:used":{"minecraft:torch":14,"minecraft:dirt":4,"epicpaladins:moonlight_block":1},"minecraft:mined":{"minecraft:grass":1,"minecraft:grass_block":3},"minecraft:picked_up":{"epicpaladins:jade_boots":4,"minecraft:torch":6,"minecraft:wheat_seeds":1,"epicpaladins:jade_leggings":3,"epicpaladins:moonlight_glaive":1,"epicpaladins:jade_chestplate":3,"epicpaladins:angel_sword":2,"epicpaladins:jade_helmet":4,"minecraft:dirt":4},"minecraft:dropped":{"spelunkers_charm:mining_helmet":1,"epicpaladins:cryorium_battle_axe":1,"epicpaladins:jade_leggings":3,"minecraft:wheat_seeds":1,"epicpaladins:jade_chestplate":3,"minecraft:torch":5,"epicpaladins:jade_boots":3,"spelunkers_charm:candle_helmet":1,"epicpaladins:jade_helmet":3,"epicpaladins:moonlight_glaive":1,"epicpaladins:angel_sword":2},"minecraft:custom":{"minecraft:time_since_rest":18121,"minecraft:crouch_one_cm":4544,"minecraft:sprint_one_cm":27140,"minecraft:play_time":18121,"minecraft:walk_one_cm":37366,"minecraft:sneak_time":1247,"minecraft:walk_under_water_one_cm":1737,"minecraft:drop":24,"minecraft:jump":142,"minecraft:leave_game":1,"minecraft:walk_on_water_one_cm":693,"minecraft:time_since_death":18121,"minecraft:total_world_time":18121,"minecraft:fall_one_cm":1105,"minecraft:fly_one_cm":49179}},"DataVersion":3465}