{"stats":{"minecraft:killed":{"minecraft:sheep":1,"minecraft:chicken":1},"minecraft:mined":{"minecraft:grass":15,"minecraft:acacia_log":1,"minecraft:grass_block":6},"minecraft:custom":{"minecraft:time_since_rest":4432,"minecraft:crouch_one_cm":171,"minecraft:play_time":4432,"minecraft:sprint_one_cm":8796,"minecraft:walk_one_cm":8706,"minecraft:sneak_time":82,"minecraft:mob_kills":2,"minecraft:drop":11,"minecraft:jump":60,"minecraft:damage_dealt":218,"minecraft:leave_game":1,"minecraft:time_since_death":4432,"minecraft:total_world_time":4432,"minecraft:fall_one_cm":1045,"minecraft:fly_one_cm":10867},"minecraft:used":{"minecraft:egg":1,"epicpaladins:angel_sword":5,"bosses_of_mass_destruction:soul_star":14},"minecraft:picked_up":{"minecraft:chicken":1,"minecraft:rotten_flesh":2,"minecraft:wheat_seeds":4,"minecraft:acacia_log":1,"bosses_of_mass_destruction:soul_star":14,"bosses_of_mass_destruction:void_lily":1,"epicpaladins:angel_sword":1,"minecraft:dirt":6,"minecraft:white_wool":1,"minecraft:egg":1},"minecraft:dropped":{"minecraft:chicken":1,"minecraft:rotten_flesh":2,"minecraft:wheat_seeds":4,"minecraft:acacia_log":1,"minecraft:white_wool":1,"bosses_of_mass_destruction:void_lily":1,"epicpaladins:angel_sword":1}},"DataVersion":3465}