{"stats":{"minecraft:killed":{"minecraft:sheep":1,"minecraft:pig":1,"minecraft:chicken":1,"mca:male_villager":2,"mca:female_villager":2},"minecraft:mined":{"minecraft:grass":15,"minecraft:acacia_log":1,"minecraft:grass_block":6},"minecraft:custom":{"minecraft:time_since_rest":39480,"minecraft:sprint_one_cm":32275,"minecraft:damage_taken":50,"minecraft:walk_one_cm":53018,"minecraft:mob_kills":7,"minecraft:drop":14,"minecraft:damage_dealt":1150,"minecraft:fly_one_cm":112803,"minecraft:crouch_one_cm":283,"minecraft:play_time":39480,"minecraft:sneak_time":174,"minecraft:walk_under_water_one_cm":7444,"minecraft:jump":261,"minecraft:leave_game":1,"minecraft:walk_on_water_one_cm":107,"minecraft:time_since_death":39480,"minecraft:total_world_time":39480,"minecraft:fall_one_cm":1045},"minecraft:used":{"minecraft:netherite_sword":11,"minecraft:iron_ore":5,"epicpaladins:moonlight_chestplate":1,"epicpaladins:moonlight_helmet":1,"bosses_of_mass_destruction:earthdive_spear":3,"epicpaladins:moonlight_leggings":1,"mca:female_villager_spawn_egg":72,"minecraft:egg":23,"bosses_of_mass_destruction:mob_ward":1,"epicpaladins:angel_sword":5,"bosses_of_mass_destruction:soul_star":14,"epicpaladins:moonlight_boots":1},"minecraft:picked_up":{"epicpaladins:moonlight_chestplate":1,"minecraft:chicken":1,"minecraft:acacia_log":1,"epicpaladins:moonlight_leggings":1,"minecraft:porkchop":2,"mca:female_villager_spawn_egg":1,"minecraft:dirt":6,"epicpaladins:moonlight_helmet":1,"minecraft:arrow":2,"minecraft:bone":1,"minecraft:rotten_flesh":2,"minecraft:diamond":4,"minecraft:wheat_seeds":4,"epicpaladins:moonlight_boots":1,"bosses_of_mass_destruction:soul_star":14,"bosses_of_mass_destruction:void_lily":1,"simplybackpacks:ultimatebackpack":1,"epicpaladins:angel_sword":3,"mca:scythe":2,"minecraft:white_wool":1,"minecraft:egg":2},"minecraft:dropped":{"minecraft:porkchop":2,"minecraft:wheat_seeds":4,"bosses_of_mass_destruction:void_lily":1,"epicpaladins:angel_sword":1,"minecraft:chicken":1,"minecraft:rotten_flesh":2,"minecraft:acacia_log":1,"minecraft:white_wool":1,"mca:scythe":1}},"DataVersion":3465}